{
   "la_exp": 301.57,
   "la_error": 0.18,
   "R_exp": 1.7407, 
   "R_error": 0.0094,
   "wb_exp": 0.02228, 
   "wb_error": 0.00030
}
