{
	"R_exp": 1.74139293571775932712,
	"R_error": 0.00100000000000000002,
	"la_exp": 300.5310427765,
	"la_error": 0.1000000000,
	"wb_exp": 0.02449999999999999747,
	"wb_error": 0.00010000000000000000
}
