{
	"R_exp": 1.7630155078,
	"R_error": 0.0010000000,
	"la_exp": 304.2816554207,
	"la_error": 0.1000000000,
	"wb_exp": 0.0245000000,
	"wb_error": 0.0001000000
}
